sample_id,final_forecast,mae,mape
0,491.0 505.0 520.0 530.0 545.0 560.0 575.0 590.0 605.0 620.0,173,47.47091170373226
1,526.0 532.0 540.0 550.0 558.0 570.0 580.0 590.0 600.0 600.0,131.5,31.61889382288967
2,54.5 54.8 55.1 55.4 55.7 56.0 56.3 56.6 56.9 57.2,1.5999999999999992,2.7589412718166244
3,873.0 860.0 845.0 830.0 815.0 800.0 785.0 770.0 755.0 740.0,44.6,5.0323550988139845
4,75.4 80.1 85.6 90.2 95.0 100.1 105.3 110.6 115.9 121.3,26.670000000000005,31.570651081951944
5,25881.0 27821.0 31215.0 39256.0 21370.0 20880.0 30645.0 26899.0 21370.0 20880.0,3112,60.29883613618142
6,5822.0 5914.0 5236.0 5343.0 5252.0 5632.0 5388.0 5842.0 6143.0 5722.0,832.32,27.46154413294799
7,97.2177 97.6543 98.1021 98.5602 99.0284 99.5067 99.9951 100.4936 101.0022 101.5209,8.161139999999998,9.099026429514847